Category	GDPL	TemplateId	ChineseName	I18n	Close	Uid10001UniqueIds	OtherUserUniqueIds
weapon	2-1-4-1	281492156645378	黑旗鱼	weapon.gun1004	1	101875	1:100481
weapon	2-1-15-1	281539401285634	隧蜂	weapon.gun1015	1	101886	1:100492
weapon	2-1-16-1	281543696252930	锈色幸运	weapon.gun1016	1	101887	1:100493
weapon	2-1-19-1	281556581154818	天鹅座之心	weapon.gun1019	1	101890	1:100496
weapon	2-1-20-1	281560876122114	秘密永恒	weapon.gun1020	1	101891	1:100497
weapon	2-2-9-1	281513631547394	现代文明	weapon.gun2009	1	101916	1:100522
weapon	2-2-14-1	281535106383874	红锈	weapon.gun2014	1	101921	1:100527
weapon	2-2-20-1	281560876187650	维京斧	weapon.gun2020	1	101927	1:100533
weapon	2-3-10-1	281517926580226	绿色卫士	weapon.gun3010	1	101945	1:100551
weapon	2-3-16-1	281543696384002	冰原	weapon.gun3016	1	101951	1:100557
weapon	2-3-18-1	281552286318594	红夜行	weapon.gun3018	1	101953	1:100559
weapon	2-3-19-1	281556581285890	送葬者	weapon.gun3019	1	101954	1:100560
weapon	2-3-20-1	281560876253186	紫花地丁	weapon.gun3020	1	101955	1:100561
weapon	2-4-13-1	281530811547650	斯巴达	weapon.gun4013	1	101982	1:100588
weapon	2-4-14-1	281535106514946	胜天半子	weapon.gun4014	1	101983	1:100589
weapon	2-4-17-1	281547991416834	玛萨拉酒	weapon.gun4017	1	101986	1:100592
weapon	2-4-19-1	281556581351426	荒野微笑	weapon.gun4019	1	101988	1:100594
weapon	2-4-24-1	281578056187906	铅雨	weapon.gun4024	1	101993	1:100599
weapon	2-5-13-1	281530811613186	热带洋流	weapon.gun5013	1	102016	1:100622
weapon	2-5-14-1	281535106580482	9700	weapon.gun5014	1	102017	1:100623
weapon	2-5-17-1	281547991482370	一块广告牌	weapon.gun5017	1	102020	1:100626
weapon	2-5-18-1	281552286449666	动脉音律	weapon.gun5018	1	102021	1:100627
weapon	2-5-20-1	281560876384258	纯黑花名册	weapon.gun5020	1	102023	1:100629
weapon	2-6-3-1	281487862005762	把风	weapon.gun6003	1	102038	1:100644
support	3-1-14-2	563010083028995	暮影	support.name040	1		1:101037,1:101274,1:101511,1:101748
support	3-1-15-2	563014377996291	夏洛特	support.name043	1	104193	1:101043,1:101280,1:101517,1:101754
support	3-2-14-2	563010083094531	孔苏	support.name041	1		1:101038,1:101275,1:101512,1:101749
support	3-2-15-2	563014378061827	红心	support.name044	1	104194	1:101044,1:101281,1:101518,1:101755
support	3-3-14-2	563010083160067	穆特	support.name042	1		1:101039,1:101276,1:101513,1:101750
support	3-3-15-2	563014378127363	罗茜	support.name045	1	104195	1:101045,1:101282,1:101519,1:101756
weapon_parts	6-1-1-1	281479271743494	混悬液·消音器	accessory.muzzle001	1	101589	1:100714
weapon_parts	6-1-5-1	281496451612678	冰川·消焰器	accessory.muzzle005	1	101604	1:100729
weapon_parts	6-1-6-1	281500746579974	凌晨五点叛徒·收束器	accessory.muzzle006	1	101608	1:100733
weapon_parts	6-1-9-1	281513631481862	狂战士·消焰器	accessory.muzzle009	1	101618	1:100743
weapon_parts	6-1-11-1	281522221416454	槲树·消音器	accessory.muzzle011	1	101626	1:100751
weapon_parts	6-1-12-1	281526516383750	黑麦·消焰器	accessory.muzzle012	1	101630	1:100755
weapon_parts	6-1-14-1	281535106318342	硫酸铜·消音器	accessory.muzzle014	1	101638	1:100763
weapon_parts	6-1-15-1	281539401285638	氯化镍·消音器	accessory.muzzle015	1	101642	1:100767
weapon_parts	6-1-17-1	281547991220230	沙丘·制退器	accessory.muzzle017	1	101650	1:100775
weapon_parts	6-1-18-1	281552286187526	氰化亚铁·枪口装置	accessory.muzzle018	1	101654	1:100779
weapon_parts	6-1-51-1	281694020108294	动脉音律 ·听诊器	accessory.weapon051	1	101690	1:100815
weapon_parts	6-1-57-1	281719789912070	冷冻糖分·消音器	accessory.muzzle057	1	101696	1:100821
weapon_parts	6-1-58-1	281724084879366	摄影师·收束器	accessory.muzzle058	1	101700	1:100825
weapon_parts	6-1-59-1	281728379846662	危险关系·消音器	accessory.muzzle059	1	101703	1:100828
weapon_parts	6-1-60-1	281732674813958	观测者·消焰器	accessory.muzzle060	1	101707	1:100832
weapon_parts	6-1-73-1	281788509388806	送葬者·消焰器	accessory.muzzle073	1	101723	1:100848
weapon_parts	6-1-89-1	281857228865542	红锈·消焰器	accessory.muzzle089	1	101739	1:100864
weapon_parts	6-1-96-1	281887293636614	正在播出	accessory.muzzle096	1	101746	1:100871
weapon_parts	6-1-102-1	281913063440390	铅雨·枪口	accessory.muzzle115	1	101752	1:100877
weapon_parts	6-1-107-1	281934538276870	雷雨夜·抑制器	accessory.muzzle107	1	101757	1:100882
weapon_parts	6-1-108-1	281938833244166	森林领主·消焰器	accessory.muzzle108	1	101760	1:100885
weapon_parts	6-1-109-1	281943128211462	消防·消焰器	accessory.muzzle109	1	101764	1:100889
weapon_parts	6-2-1-1	281479271809030	混悬液·瞄准镜	accessory.scope001	1	101590	1:100715
weapon_parts	6-2-5-1	281496451678214	冰川·微型火控	accessory.scope005	1	101605	1:100730
weapon_parts	6-2-6-1	281500746645510	凌晨五点叛徒·瞄准镜	accessory.scope006	1	101609	1:100734
weapon_parts	6-2-9-1	281513631547398	狂战士·成像系统	accessory.scope009	1	101619	1:100744
weapon_parts	6-2-11-1	281522221481990	槲树·瞄准镜	accessory.scope011	1	101627	1:100752
weapon_parts	6-2-12-1	281526516449286	黑麦·瞄准镜	accessory.scope012	1	101631	1:100756
weapon_parts	6-2-14-1	281535106383878	硫酸铜·瞄准镜	accessory.scope014	1	101639	1:100764
weapon_parts	6-2-15-1	281539401351174	氯化镍·瞄准镜	accessory.scope015	1	101643	1:100768
weapon_parts	6-2-17-1	281547991285766	沙丘·瞄准镜	accessory.scope017	1	101651	1:100776
weapon_parts	6-2-18-1	281552286253062	氰化亚铁·瞄准镜	accessory.scope018	1	101655	1:100780
weapon_parts	6-2-33-1	281616710762502	现代文明·瞄准镜	accessory.weapon033	1	101672	1:100797
weapon_parts	6-2-40-1	281646775533574	绿色卫士·瞄准镜	accessory.weapon040	1	101679	1:100804
weapon_parts	6-2-54-1	281706905075718	热带洋流·瞄准镜	accessory.weapon054	1	101693	1:100818
weapon_parts	6-2-57-1	281719789977606	冷冻糖分·瞄准镜	accessory.scope057	1	101697	1:100822
weapon_parts	6-2-58-1	281724084944902	摄影师·瞄准镜	accessory.scope058	1	101701	1:100826
weapon_parts	6-2-59-1	281728379912198	危险关系·瞄准镜	accessory.scope059	1	101704	1:100829
weapon_parts	6-2-60-1	281732674879494	观测者·瞄准镜	accessory.scope060	1	101708	1:100833
weapon_parts	6-2-79-1	281814279258118	荒野微笑·瞄准镜	accessory.scope079	1	101729	1:100854
weapon_parts	6-2-83-1	281831459127302	隧蜂·瞄准镜	accessory.scope083	1	101733	1:100858
weapon_parts	6-2-85-1	281840049061894	秘密永恒·瞄准镜	accessory.scope085	1	101735	1:100860
weapon_parts	6-2-90-1	281861523898374	维京斧·瞄准镜	accessory.scope090	1	101740	1:100865
weapon_parts	6-2-101-1	281908768538630	铅雨·瞄准镜	accessory.scope101	1	101751	1:100876
weapon_parts	6-2-107-1	281934538342406	雷雨夜·瞄准镜	accessory.scope107	1	101758	1:100883
weapon_parts	6-2-108-1	281938833309702	森林领主·瞄准镜	accessory.scope108	1	101761	1:100886
weapon_parts	6-2-109-1	281943128276998	消防·瞄准镜	accessory.scope109	1	101765	1:100890
weapon_parts	6-4-1-1	281479271940102	混悬液·弹匣	accessory.magazine001	1	101591	1:100716
weapon_parts	6-4-5-1	281496451809286	冰川·弹巢	accessory.magazine005	1	101606	1:100731
weapon_parts	6-4-9-1	281513631678470	狂战士·弹匣	accessory.magazine009	1	101620	1:100745
weapon_parts	6-4-11-1	281522221613062	槲树·弹匣	accessory.magazine011	1	101628	1:100753
weapon_parts	6-4-12-1	281526516580358	黑麦·弹匣	accessory.magazine012	1	101632	1:100757
weapon_parts	6-4-14-1	281535106514950	硫酸铜·弹匣	accessory.magazine014	1	101640	1:100765
weapon_parts	6-4-15-1	281539401482246	氯化镍·弹匣	accessory.magazine015	1	101644	1:100769
weapon_parts	6-4-17-1	281547991416838	沙丘·弹匣	accessory.magazine017	1	101652	1:100777
weapon_parts	6-4-18-1	281552286384134	氰化亚铁·弹匣	accessory.magazine018	1	101656	1:100781
weapon_parts	6-4-19-1	281556581351430	黑旗鱼·弹匣	accessory.weapon019	1	101658	1:100783
weapon_parts	6-4-55-1	281711200174086	9700·弹匣	accessory.weapon055	1	101694	1:100819
weapon_parts	6-4-57-1	281719790108678	冷冻糖分·弹匣	accessory.magazine057	1	101698	1:100823
weapon_parts	6-4-59-1	281728380043270	危险关系·弹匣	accessory.magazine059	1	101705	1:100830
weapon_parts	6-4-60-1	281732675010566	观测者·弹匣	accessory.magazine060	1	101709	1:100834
weapon_parts	6-4-76-1	281801394487302	斯巴达·弹匣	accessory.magazine076	1	101726	1:100851
weapon_parts	6-4-82-1	281827164291078	一块广告牌·弹匣	accessory.magazine082	1	101732	1:100857
weapon_parts	6-4-87-1	281848639127558	卫兵·弹匣	accessory.magazine087	1	101737	1:100862
weapon_parts	6-4-105-1	281925948538886	纯黑花名册·弹匣	accessory.magazine0105	1	101755	1:100880
weapon_parts	6-4-108-1	281938833440774	森林领主·弹匣	accessory.magazine108	1	101762	1:100887
weapon_parts	6-4-109-1	281943128408070	消防·弹匣	accessory.magazine109	1	101766	1:100891
weapon_parts	6-5-1-1	281479272005638	混悬液·电筒	accessory.grip001	1	101592	1:100717
weapon_parts	6-5-5-1	281496451874822	冰川·制导模块	accessory.grip005	1	101607	1:100732
weapon_parts	6-5-6-1	281500746842118	凌晨五点叛徒·电筒	accessory.grip006	1	101610	1:100735
weapon_parts	6-5-9-1	281513631744006	狂战士·动能模块	accessory.grip009	1	101621	1:100746
weapon_parts	6-5-11-1	281522221678598	槲树·照准仪	accessory.grip011	1	101629	1:100754
weapon_parts	6-5-12-1	281526516645894	黑麦·照准仪	accessory.grip012	1	101633	1:100758
weapon_parts	6-5-14-1	281535106580486	硫酸铜·照准仪	accessory.grip014	1	101641	1:100766
weapon_parts	6-5-15-1	281539401547782	氯化镍·电筒	accessory.grip015	1	101645	1:100770
weapon_parts	6-5-17-1	281547991482374	沙丘·记录仪	accessory.grip017	1	101653	1:100778
weapon_parts	6-5-18-1	281552286449670	氰化亚铁·记录仪	accessory.grip018	1	101657	1:100782
weapon_parts	6-5-46-1	281672545533958	玛萨拉酒·制导模块	accessory.weapon046	1	101685	1:100810
weapon_parts	6-5-57-1	281719790174214	冷冻糖分·辅助模块	accessory.grip057	1	101699	1:100824
weapon_parts	6-5-58-1	281724085141510	摄影师·电筒	accessory.grip058	1	101702	1:100827
weapon_parts	6-5-59-1	281728380108806	危险关系·照准仪	accessory.grip059	1	101706	1:100831
weapon_parts	6-5-60-1	281732675076102	观测者·制导模块	accessory.grip060	1	101710	1:100835
weapon_parts	6-5-62-1	281741265010694	天鹅座之心·制导模块	accessory.grip062	1	101712	1:100837
weapon_parts	6-5-70-1	281775624749062	红夜行·辅助模块	accessory.grip070	1	101720	1:100845
weapon_parts	6-5-77-1	281805689520134	胜天半子·照准仪	accessory.grip077	1	101727	1:100852
weapon_parts	6-5-84-1	281835754291206	锈色幸运·照准仪	accessory.grip084	1	101734	1:100859
weapon_parts	6-5-93-1	281874408996870	冰原·辅助模块	accessory.grip093	1	101743	1:100868
weapon_parts	6-5-94-1	281878703964166	紫花地丁·记录仪	accessory.grip094	1	101744	1:100869
weapon_parts	6-5-107-1	281934538539014	雷雨夜·制导模块	accessory.grip107	1	101759	1:100884
weapon_parts	6-5-108-1	281938833506310	森林领主·照准仪	accessory.grip108	1	101763	1:100888
weapon_parts	6-5-109-1	281943128473606	消防·电筒	accessory.grip109	1	101767	1:100892
